{
  "entrypoint": "index.html",
  "shell": "src/shop-app.html",
  "fragments": [
    "src/shop-list.html",
    "src/shop-detail.html",
    "src/shop-cart.html",
    "src/shop-checkout.html",
    "src/lazy-resources.html"
  ],
  "sources": [
    "src/**/*",
    "data/**/*",
    "images/**/*",
    "bower.json"
  ],
  "extraDependencies": [
    "app.yaml",
    "manifest.json",
    "bower_components/webcomponentsjs/*"
  ],
  "lint": {
    "rules": ["polymer-2-hybrid"]
  },
  "builds": [
    {
      "preset": "es5-bundled"
    },
    {
      "preset": "es6-unbundled"
    }
  ]
}
